customer_id,engagement,transactions_per_month,support_tickets,satisfaction_score,churn
1,12.371488381572757,14,5,0.5572650731731902,0
2,11.415903069939375,13,4,0.9453916426793257,0
3,7.045228192843983,10,7,0.5349508468827109,1
4,6.963891769958275,8,12,0.3573593185794124,1
5,10.999394898186095,11,5,1.0813755766070923,0
6,8.590921457107846,11,3,1.291627307576344,0
7,11.378179181260712,11,11,0.38979165249192715,1
8,11.625329785301206,12,6,0.36419882490293976,1
9,11.078920013634756,13,4,1.4925899547902395,0
10,8.110164435194584,9,7,0.5949849503398059,1
11,14.79798616916924,14,3,1.2490085173138168,0
12,10.08025737620704,10,4,1.3515182151954628,0
13,14.730540385877777,16,5,0.9259727577679526,0
14,7.074780019646819,8,0,2.821772127197522,0
15,13.891930884541992,15,0,2.464779286642894,0
16,8.585883730469236,10,4,1.1523821112532928,0
17,4.834300593137183,8,0,2.09504517888578,0
18,10.730613492641679,9,4,0.8934650599341786,0
19,8.466389999039283,9,1,1.5451489068985471,0
20,10.597776718147045,11,0,2.2189642817837085,0
21,11.890510700147711,13,11,0.5304400033343311,1
22,6.4778598391304945,8,4,1.1993523479803643,0
23,8.056890622861475,9,5,1.4652363432058386,1
24,13.720726285366828,17,1,1.9838015942717744,0
25,16.532503797663967,15,2,1.249286026160731,0
26,8.638585601893126,11,5,0.9693643423141526,0
27,7.961640459383386,10,1,1.992316791747618,0
28,8.67168895473632,10,7,0.5274330238605958,1
29,13.505690869822853,13,2,0.9571787687242465,0
30,6.457410799115185,7,4,1.0395959517067308,0
31,7.716637044763447,10,1,1.024226550115683,0
32,5.185206032908807,4,11,0.3111137208600286,1
33,10.997200752142579,11,5,1.1072713747920286,0
34,10.766121948659745,11,1,1.518839159874923,0
35,8.21888108940501,8,8,0.377441006048104,1
36,16.673234280698942,15,1,1.8550753348356517,0
37,9.062113874043336,7,5,1.0733449315159564,1
38,3.775941588396046,5,0,2.3250221202229895,0
39,12.068661991373384,11,0,2.1067741951681778,0
40,12.419801827710682,13,6,1.069719809271986,0
41,14.3989149793653,15,8,0.8820811470628992,1
42,6.249275002028007,9,6,1.1615801507401131,0
43,10.835537081534167,12,4,1.4999314368140741,0
44,8.224611691596124,10,4,1.0912571656117807,0
45,10.193670577871972,10,0,2.1163014962538016,0
46,12.325296600483366,12,1,1.3499300819139661,0
47,8.550616378780427,12,4,1.2593974216486994,0
48,6.4135581631948755,7,8,0.896027186395085,1
49,14.226233805753104,14,7,0.5731369878349561,0
50,12.655985245223867,14,0,2.242357313587706,0
51,8.234876374002837,8,5,1.1258416870740504,1
52,10.541398561152501,11,3,1.416333679421483,0
53,11.449992278343153,12,2,1.330160710043621,0
54,9.794422026318044,11,7,0.9073862176094856,1
55,5.900103035037149,8,10,0.6654452300776472,1
56,6.014163823089968,8,8,0.9277881117505506,1
57,10.971223017346382,11,2,1.5362681410635524,0
58,12.90334990662266,14,4,1.3723246366087525,0
59,10.873785306471332,12,5,1.3757606275667413,1
60,7.771331949213178,9,8,0.7336123324414048,1
61,11.593773385423098,13,4,1.2805900171021107,0
62,3.0962941533857675,2,4,1.241764018234151,0
63,11.55770710175837,13,1,1.6656956066623454,0
64,2.990722344038118,5,0,2.2962596261026067,0
65,8.252382130648208,8,7,0.7021492175867525,1
66,5.27414800336234,6,10,0.45298365687014674,1
67,5.557675038639332,6,6,0.8695232917979061,0
68,14.809093967679413,14,9,0.8249042383239109,1
69,7.335327331179392,8,6,1.0080247118651589,1
70,11.38702040774247,12,3,1.2811866841521353,0
71,7.785291810442011,10,5,0.949977829892946,1
72,9.856396657178848,11,12,0.16175664555274172,1
73,9.011431254250322,9,5,1.0550685349870257,0
74,3.6535515193905095,6,12,0.547894176502048,1
75,12.201014111738852,13,0,4.04716735995945,0
76,8.400949287173768,9,9,0.5088554910053039,1
77,4.6495449467049275,5,6,0.7017394962638949,1
78,8.604590678389892,8,4,0.9821721465118323,0
79,13.281326217818227,14,6,0.6878425031833477,0
80,12.813686278027733,12,0,2.96877010226921,0
81,7.087692581287158,9,5,1.425822812279015,0
82,8.443109480662018,9,6,0.9005202894033761,1
83,9.301360143667939,10,9,0.7218755595334335,1
84,12.516894607493905,15,2,1.322600544735198,0
85,12.187554002509616,12,2,1.4791513232188953,0
86,12.909607967023383,11,3,1.2185464328382662,0
87,12.859592710619404,14,8,0.570658400668037,1
88,10.726025305928522,11,7,0.5388630212991955,0
89,9.301422170978395,10,2,1.3561256589492778,0
90,7.42369839611139,9,7,0.7655847555801855,1
91,6.095087666637582,9,4,1.1016925458597646,0
92,9.273071820285562,11,9,0.6348191751555742,1
93,9.369649942857924,12,2,1.3879842956888497,0
94,11.244922493670941,10,4,1.0037766940436907,0
95,11.821868367292113,13,3,1.2310233400750132,0
96,7.864896805143396,9,1,2.2263781607349182,0
97,11.186984589745368,11,7,0.6337114529433426,1
98,2.3338986765729346,4,6,0.8951269890262602,0
99,11.039763154394539,13,5,1.0440551276308043,0
100,10.201686723098346,11,5,0.9808365254281288,0
101,12.274522789708177,12,0,1.9117175069235424,0
102,1.5220220542025458,1,4,1.280198354204839,0
103,15.93799017101906,17,5,0.9602305047146862,0
104,9.293741282283221,10,3,1.5635090513592822,0
105,12.44028302663213,13,4,0.904912814242934,0
106,6.681983486155106,7,7,1.0296448893904409,1
107,9.804033270267677,12,11,0.8569870583515498,1
108,7.415295065959782,8,6,0.7442609396509552,1
109,6.071573609298698,8,6,0.9860131576572704,0
110,14.817299051480989,16,3,0.8925760274948599,0
111,8.623222470214111,10,0,2.8182831946756246,0
112,12.247257947339435,10,5,0.7602935187066941,0
113,11.912126739497946,13,5,1.0664511885580716,0
114,8.434912520486094,11,13,0.11722134543445387,1
115,9.958983747187691,11,5,1.0595608317306895,0
116,10.743230494765466,11,6,0.6538372739805053,0
117,17.64803673538303,17,5,1.1819774675379402,0
118,7.572657120073539,9,0,1.6264088514997674,0
119,7.301086431171633,10,10,0.6751206668757581,0
120,12.940204413717177,13,9,0.6178057177314819,1
121,10.303281552920419,13,7,0.6504380534879143,1
122,11.436613470191018,13,1,1.6052418997070743,0
123,10.730855417386808,12,10,0.34352704703948267,1
124,6.356439856039871,7,0,2.0576907842983396,0
125,14.626997348489203,15,7,1.0517694165868863,1
126,4.699638861256335,6,13,0.17884444602280128,1
127,8.871524897399889,10,0,1.8753002469183808,0
128,8.262875576460734,9,4,1.626922262466585,0
129,8.459517549022546,9,5,0.7881642570417693,1
130,11.157392609649508,12,3,0.9952478498115991,0
131,10.643206930267096,11,0,2.231704445776303,0
132,11.132607411570085,11,5,0.8568179606710948,0
133,14.271160938781163,15,0,2.0746110067733583,0
134,11.584302628211063,12,8,0.796113596840434,1
135,6.381332199904228,9,2,1.423178141236603,0
136,12.020273238998817,13,11,0.23128698897262714,1
137,13.455409057601932,14,3,1.6973662659386617,0
138,6.394729433484541,6,3,1.0604843056337745,0
139,10.209179070919447,12,8,0.6745706503151623,1
140,10.249152870133628,12,0,2.0416166656253965,0
141,7.591079189659683,9,6,0.7956472568529319,0
142,14.443696679869612,15,8,0.5109989139770477,1
143,10.440657265909051,10,0,2.230569966824977,0
144,9.631047871250079,11,5,1.0484810248355887,0
145,9.36955477635246,9,6,0.9962957584479447,0
146,8.428175770997514,9,8,0.632417315448481,1
147,6.290857067405077,7,0,1.8688258090970706,0
148,5.266338924218438,6,0,1.8608783082732332,0
149,14.69593363752259,15,7,0.474780944005143,1
150,7.750693380144485,8,5,0.9135267845119879,0
151,9.170990513177166,7,7,1.2607178120921447,0
152,2.6573304284032115,4,6,0.6642053048934158,1
153,7.981722042435971,8,0,1.2503590150114519,0
154,4.884958788226185,6,6,0.7162167206144976,1
155,12.756855615613627,15,5,1.0086127901199677,0
156,11.946959435558034,13,1,1.5189840772367353,0
157,7.524822975288443,8,11,0.3617086374559815,1
158,19.14180826607211,17,7,0.6054533904155263,1
159,11.739025021180158,13,2,1.8326883288205793,0
160,6.923785524618381,9,8,0.40723922223932824,1
161,3.087612860993263,3,1,1.6566667014221212,0
162,13.15043195494436,17,8,0.8489676546928797,1
163,5.409651860874882,6,9,0.3100518438236712,1
164,3.6992303387541927,4,2,1.2008282821595737,0
165,12.913520459534254,13,7,0.933627304927622,1
166,17.72834669931342,18,5,0.6911634383275839,0
167,12.27571645731074,14,8,0.8901565584443502,1
168,10.859263182444082,12,12,0.35656213046812874,1
169,10.120655003267196,12,4,1.0981475254396136,0
170,9.686324934230768,12,2,1.545394538395359,0
171,11.411873735256762,12,1,1.3833116065665498,0
172,8.591697341684082,11,3,1.530163949220839,0
173,8.702447719313765,10,4,0.9630056975283884,0
174,7.085791248120916,9,7,0.5790803275250582,1
175,8.019619823548313,8,5,0.9382942814502183,0
176,10.441716119119786,9,7,0.6086093815976417,1
177,3.0380944206360034,5,4,0.9621151738046606,0
178,6.976377820522918,10,10,0.24143731576307195,1
179,7.210135737579919,8,5,1.459763213301166,1
180,6.458837355149311,7,15,0.4319819059347086,1
181,10.382391168108759,11,8,0.9242027254775028,1
182,12.344415381718786,14,2,1.4739853509637826,0
183,10.799232841409482,12,0,1.3623737815107324,0
184,5.041012492648723,5,6,1.1762395030256436,1
185,7.688517071173807,7,4,1.1059929586295738,0
186,9.613941475618061,13,9,0.550012365654593,1
187,6.917272673162246,8,6,0.8726524140281763,0
188,8.536570552729277,9,5,1.2705097417151594,0
189,9.018428674467117,11,3,1.5225301239039986,0
190,8.51740355812076,7,1,2.38848931622858,0
191,9.357508143725516,11,3,1.4667424017145838,0
192,5.470448775591261,6,9,0.43640522092912026,1
193,8.94722651621075,9,8,0.7637255370915809,1
194,8.490458253437728,10,0,2.0557771228085335,0
195,1.4641123426346998,4,4,0.3745300730103064,0
196,9.605614567700162,11,5,0.7948722875889804,0
197,10.435328667112449,10,2,1.2695386025605675,0
198,9.715725847857835,11,4,0.8307063628739273,0
199,7.264278838249227,9,5,0.9115510756829132,0
200,13.990806651403267,14,1,1.6992462668158155,0
201,8.803070124772338,10,6,0.7257425483339353,1
202,6.74780702361974,8,7,0.5360586035318086,1
203,9.379347307595973,10,9,1.0402421302584604,1
204,11.044900251542545,11,10,0.9639242712945819,1
205,12.058056238079056,10,0,1.758980413707439,0
206,10.19268332918891,10,1,1.9146785274689158,0
207,8.751807959666014,8,6,0.6930748978869363,1
208,5.832840561214574,7,7,0.7992884822414684,1
209,3.368958272836629,5,8,0.760308404234616,1
210,13.874797619542948,15,19,0.013726935458346995,1
211,5.648603898311516,6,8,0.9484499592063935,0
212,6.065784710362484,8,8,0.5919580075133687,1
213,7.1496465641151845,8,10,0.5253316974003895,1
214,11.519181122062959,12,8,0.4611070310930397,1
215,8.712472074021697,9,4,0.9920193521432512,0
216,13.485145424061127,14,9,0.3559379320964625,1
217,8.629157676164933,9,1,1.474136485965406,0
218,9.511589608875934,11,4,0.8863716533858348,0
219,6.743319248021389,8,3,1.221550826072696,1
220,13.28125832240735,16,6,1.2339099049121423,0
221,6.741730047022115,5,12,0.5541844472356109,1
222,10.136140437543153,11,0,2.537277390096913,0
223,10.770176333046178,12,8,0.6921289518205281,1
224,9.92544950225705,12,0,2.6157107616504893,0
225,11.802789482793335,9,4,1.3702824000798228,0
226,7.912006361332526,10,8,0.5145848150600544,1
227,9.605382489272714,11,5,0.6831673679787915,1
228,9.699004203543273,10,2,1.7928476080903992,0
229,12.680255558893133,13,3,1.595832451693609,0
230,16.789518466258823,17,7,0.5855831874422263,1
231,9.529130209323116,8,2,1.4990186524445097,0
232,7.047389186552855,7,4,0.8247071397103972,1
233,7.01276304004,9,4,0.9406652387287007,0
234,16.251665849853865,18,4,0.8875741427340926,0
235,6.809398847016662,7,11,0.29797647509446645,1
236,15.361871249806988,14,7,0.9222341054724494,1
237,13.042633425890845,16,0,2.626389333599735,0
238,8.803091806270274,8,5,0.9214918131139382,0
239,11.255897243455701,12,3,1.241020999970139,0
240,14.805396642275378,15,9,0.7250631836898068,1
241,7.237606340036882,8,2,1.4429516030434584,0
242,8.189080843848409,10,7,0.8711973930566054,0
243,8.2610473352816,8,5,1.0433714475895859,1
244,7.225317232526746,7,9,0.834426285064849,0
245,8.526468358887666,8,1,1.7014075120510808,0
246,5.504034437545638,6,4,1.2816081331041045,0
247,8.480213572016181,10,4,1.3755227230541744,0
248,6.409455605971392,9,2,1.514796691540273,0
249,11.103247921767288,11,11,0.07480211065747921,1
250,5.108667378932783,5,5,1.0180152590442668,1
251,9.88106084056325,12,1,1.76450083110156,0
252,11.313711592044053,13,8,0.560393278597051,1
253,3.1198894256582714,4,13,0.8736588485603085,1
254,8.340418681621099,11,9,0.6571392271678437,1
255,11.89878112407384,14,0,2.0603382380836206,0
256,5.079403571832375,7,3,0.8328844073181323,0
257,13.305025185734477,15,9,0.8087073932786637,1
258,10.153563002004526,12,2,1.1554778064874633,0
259,5.407594094959902,8,8,0.600299898285233,0
260,10.707108276683378,9,9,0.6126053792130195,1
261,12.543048877235078,12,2,1.872855054863513,0
262,8.265176694176018,10,5,1.1848580108037918,0
263,11.366905675984333,12,0,5.024725821228712,0
264,6.940958107785554,7,2,1.7306069682436798,0
265,10.629303025728174,10,5,1.0145272974779305,0
266,4.537673968007907,6,2,1.894107061891109,0
267,10.510528140778913,10,10,0.45677332892207057,1
268,4.862513634951679,6,0,2.238085167974424,0
269,4.836965114997664,7,4,1.4395400723023977,0
270,13.748963871177397,14,6,1.0355160186135313,0
271,13.508910108946914,13,10,0.4139729549114126,1
272,14.145490768236822,12,0,2.1985515964198568,0
273,4.080329681891744,6,10,0.5406196836494458,1
274,9.118703622096948,9,6,0.7785136628941582,0
275,11.468238507447762,13,1,1.5528904238775687,0
276,10.140030452628839,10,8,0.8106037980511642,0
277,13.8754125385225,17,7,1.087306086103353,1
278,8.604676269161724,11,3,1.3132995578527844,0
279,9.18895021220022,11,5,0.7238612326404873,1
280,8.374756854801703,9,4,1.223814938323523,0
281,9.350702480153975,11,5,0.9675132612927185,0
282,9.070865212696106,9,7,0.7553257707958424,1
283,13.192273541909499,13,9,0.6364557998349001,1
284,12.679493049494427,13,1,2.060683383077726,0
285,8.382545167593042,7,11,0.22536323221724397,1
286,6.018991955346412,6,0,2.5307075172180395,0
287,2.2197239475918,4,4,0.8708069009880333,0
288,12.676051816246009,12,7,0.8849214316046551,1
289,5.713812517272803,7,5,1.1586912197662427,0
290,4.772502199622684,4,3,1.3022502676483803,0
291,12.008481059866128,11,5,1.0613821685695424,1
292,16.18802561287648,17,1,1.5728962925638377,0
293,6.4846094242024215,9,4,1.4438113912255053,0
294,9.938145400188251,12,8,0.7411470075021082,1
295,11.707293360262163,11,5,0.5983342785165704,0
296,8.077052777228621,9,2,1.5497911880308188,0
297,11.1354882419306,12,9,0.45192846162513706,1
298,9.190589299396333,9,5,0.6307682869873128,1
299,10.035587434496389,10,7,0.5966686946929729,1
300,10.454559774862554,11,8,0.6127657756642785,0
301,7.109597954535442,8,2,1.4692900299457388,0
302,10.664797865121173,12,2,1.0350532606943266,0
303,9.309478590349613,9,8,0.8799832077225016,1
304,8.024283437281353,8,6,0.9625241802733945,1
305,9.811239999258653,11,6,0.6210371024686403,1
306,7.738534775591769,7,6,1.1387154237619412,1
307,9.045159061844261,10,10,0.36580269899538775,1
308,8.17800539079873,10,3,1.51557716764051,0
309,11.049235161315988,13,8,0.7469859991956163,1
310,8.945510996428283,11,4,1.1121383231560127,0
311,8.873107980075577,10,3,1.0779650795441806,0
312,12.520469134003433,12,9,0.8197286066523936,1
313,11.91388578276339,14,10,0.41393779843034434,1
314,11.266170913221725,12,7,0.7873754820311505,1
315,8.411972785247105,10,9,0.7408836726856007,1
316,6.1276291504742755,7,5,1.132821047924484,0
317,3.707950545617698,6,7,1.1760154113575045,1
318,8.935354125012156,10,3,1.0620243591768435,0
319,7.127553544234046,8,7,1.0418314354953315,0
320,8.928345532842835,9,6,1.0460172309255662,0
321,9.467937095906446,10,5,1.1993404765679583,0
322,9.601929450057547,12,6,0.7410764771220251,1
323,10.501037892852253,10,1,1.4279026718061234,0
324,10.372363648266395,11,13,0.6124867179283546,1
325,9.438072220612986,10,2,1.5553768451159782,0
326,4.588981175937834,5,1,1.5525462791658933,0
327,5.818691063333337,7,9,0.4570580992006566,1
328,9.461362807698473,10,7,0.7969267994378408,1
329,7.010706123114299,7,6,1.010345427924785,1
330,8.943725170385335,12,8,0.7526187135729832,1
331,13.153486995184686,15,6,1.269781586126502,0
332,11.654063635515694,13,1,1.2945256770262767,0
333,9.507404726833135,10,7,0.8741543297024675,0
334,15.231973207112551,15,3,1.3452401579389894,0
335,9.193911022483862,11,10,0.5912112240992804,1
336,7.682445783818591,9,3,1.093118293717575,0
337,5.824959067224141,7,1,1.6491473106056926,0
338,7.318166891874551,9,4,1.0853629352697522,0
339,6.9433762058652855,8,7,0.8412598777714876,1
340,10.124962663985567,10,4,1.316571563479465,0
341,8.855397405562787,11,3,1.3233135990490386,0
342,9.713377274183484,10,6,0.8625534736307084,1
343,8.997717323977998,12,5,0.8559887864563963,1
344,12.206394404269354,14,4,1.2554746569597013,0
345,11.564612839738418,13,3,1.2719175114781818,0
346,7.529831607496878,6,7,0.9055876977078782,1
347,1.5102372342967745,2,0,1.9762953511292254,0
348,8.398507831858899,12,1,2.2758247924029975,0
349,2.2013333117665006,5,3,1.1983187505489228,0
350,8.320835503616019,9,4,0.9684326334025453,0
351,5.336525026947891,5,6,1.4120193640146472,1
352,5.050547029152704,5,10,0.2706247383797392,1
353,10.321084126961189,11,8,0.3805198235355775,1
354,11.514711517006802,11,5,1.2301491223390213,0
355,6.7124905351154425,8,4,0.5941294788199663,1
356,3.8338926672321905,3,1,1.603752916401515,0
357,5.401582137968299,8,5,1.4384645275335413,0
358,9.034062600474321,11,2,0.8462773125365157,0
359,3.351550326081821,6,6,0.4545933765369589,0
360,9.79018563919625,11,1,1.2124392620616038,0
361,9.14448653928039,10,6,0.9509754762518529,0
362,10.256921790671825,11,9,0.6896524565415271,1
363,9.274260023464564,10,3,0.9533680815005833,0
364,6.246936003025927,8,5,0.95467281389048,1
365,11.731710986704142,13,7,0.9862204318753793,1
366,8.323063997673103,11,5,1.579617612374018,0
367,10.835874770158702,10,5,0.844735860804442,0
368,6.0756487125223995,7,5,0.5334292356110408,0
369,6.773336657147571,8,6,0.788159564129005,0
370,8.3467283941329,7,2,1.3864667581359642,0
371,6.789304159740926,9,5,0.9360319413132117,0
372,12.449295463161638,15,6,0.7420087592386544,0
373,3.2845356101577226,5,11,0.7078266290275206,1
374,4.5185543419606224,5,10,0.8738947186282351,1
375,14.317957955565117,15,11,0.30642037356891494,1
376,10.087610561741402,10,1,1.6873635587168638,0
377,9.526394380993963,7,8,0.7180463428773022,1
378,10.180681054959084,14,5,0.9253064734629546,0
379,8.0904827069493,8,13,0.5158814033165989,1
380,13.131443312913323,15,2,1.512477759755913,0
381,10.336301821333473,12,4,1.933312133003485,0
382,7.536273446095348,9,4,1.0617667150043522,0
383,13.629476395030434,16,0,2.7889645415083293,0
384,9.381429801524142,8,4,1.275363612147459,0
385,12.050756792416685,12,3,1.5495411171892186,0
386,10.14783517426885,11,5,1.181152935311729,0
387,14.501218902984402,14,6,0.8380447007378972,0
388,11.06496524164135,14,12,0.10693051025480715,1
389,7.6031538424028895,10,9,0.790256060402239,1
390,4.746438721366375,8,3,1.4853518221845579,0
391,10.200702551852055,12,1,1.178697801061338,0
392,7.554038232045704,8,6,0.7811929996276225,0
393,14.843430293518802,16,0,1.6169895849975013,0
394,9.379210293271857,10,11,0.26729438311270104,1
395,6.586731802720703,9,11,0.37392069924440996,1
396,10.163785691136827,10,2,1.4262404533719133,0
397,5.807553021886798,6,0,2.37842853048013,0
398,7.319665137759198,7,11,0.2510533521240324,1
399,10.608685386891938,14,6,1.2349547967130292,0
400,8.653789030557348,9,9,0.2517709449874442,1
401,5.014681712098968,7,0,2.2853715800146217,0
402,10.563212096938367,12,3,1.1866349242318694,0
403,12.60123787836366,13,5,0.9242461676813059,0
404,11.149312327507097,12,5,1.0776376020752758,0
405,10.938152024264818,13,4,1.3566535923851497,0
406,7.367527787421302,8,5,0.9997963781215607,1
407,3.6821576217076286,6,2,1.6889672135293088,0
408,14.260320875077955,14,5,1.1350751217850814,0
409,8.0336591766045,9,5,0.8540778716607972,1
410,10.542259933106392,10,8,0.809596518749025,0
411,12.248161975484749,14,7,0.7885047265015459,1
412,10.411708813912101,12,1,1.7350786413768204,0
413,9.202975856034586,11,1,1.7926694926822084,0
414,14.851408718031692,15,9,0.5941994562882825,1
415,6.508682611205829,8,6,0.9198255487677609,1
416,12.733514518898213,13,2,1.3178560976805216,0
417,8.741057122796853,10,11,0.2035610904523512,1
418,6.828844040130058,10,6,1.238979305691673,0
419,12.195623118656242,14,8,0.6528112161684425,1
420,7.785070142764583,10,5,0.9209880375430611,0
421,11.080683268418806,12,12,0.12946690170545044,1
422,10.531510717190613,13,11,0.2513873418409217,1
423,10.311170120857541,10,4,1.3930797976054548,0
424,7.250708967576368,8,9,0.6427461597726302,1
425,5.3068848062895135,6,6,0.6140823743064696,0
426,4.467070565345099,4,11,0.6063731030826252,1
427,15.876688320891036,16,2,1.4571780048303467,0
428,5.495881497876418,6,9,1.0097885588605546,1
429,7.354559640540852,9,9,0.8596289367732035,1
430,6.151236460665446,9,0,2.316065885003004,0
431,8.376740291557786,10,1,1.6811959211649343,0
432,9.379345304022447,11,0,2.2485036682594846,0
433,12.088468943590756,13,4,0.8478812304748549,0
434,6.945823742634368,8,7,0.4306402530584837,1
435,9.105519566461714,9,12,0.49884825256358317,1
436,9.384420074475173,11,6,0.898383726728574,0
437,9.131550599776471,10,11,0.17387874294294864,1
438,15.220784931836267,15,0,1.9375838667250722,0
439,10.53019025674596,11,0,2.444674486094103,0
440,10.967954949973723,12,5,1.1337310084493435,0
441,9.397666669677788,11,6,0.44534580503223525,1
442,12.120122323942029,14,4,0.990829027357676,1
443,9.099264096457663,11,0,2.5348400015376065,0
444,4.870791761060521,6,6,1.2259134689757076,0
445,10.106799006493178,10,1,2.0766556544104033,0
446,7.093734074449278,8,6,0.5358497698225391,1
447,5.740272316742523,8,6,0.67931005235972,1
448,13.16180315167174,12,1,1.5076446154188072,0
449,13.263958229374197,14,3,0.8424004097310394,0
450,8.431667919384198,11,1,1.7654579881118677,0
451,9.589781287311013,11,4,0.9772668935834017,0
452,13.933063659394103,15,7,0.8143231606794162,1
453,12.165510511956853,11,1,1.4173144318745796,0
454,15.23026505008936,18,6,0.6534020716584316,0
455,12.211248863227137,12,1,1.0022938288674317,0
456,6.279383712366812,5,4,1.28565980371074,0
457,10.285614833910516,12,5,0.8185766068986611,0
458,8.86698365736772,10,1,1.877225868268412,0
459,10.716428903151476,13,3,1.1792827092672418,0
460,10.795846630703634,12,0,1.845021596774128,0
461,9.156092030788484,10,13,0.2982727672818922,1
462,7.231579997698845,7,7,0.7286297010268533,1
463,10.508220165224538,10,3,1.385212715973391,0
464,6.462284722454024,8,7,1.0183553647688792,0
465,4.999209922928808,8,5,0.8162192917521881,0
466,10.09450626486851,11,3,1.2786419311542518,0
467,14.15224503596237,15,7,0.56564510267345,1
468,10.419301225222052,11,8,0.5881173456544522,1
469,5.127992102989148,6,3,1.4098942469627072,0
470,11.189702519596722,12,3,1.2009488667532726,0
471,14.698533770022697,14,4,1.1549463369225614,0
472,8.738081002755012,9,0,3.0982899058834277,0
473,8.7519578899963,10,0,2.1590145794037094,0
474,8.599762619484807,10,9,0.028730850044756062,1
475,7.156177170786724,8,10,0.07340267983327242,1
476,13.004087954196768,12,3,1.2557958307302854,0
477,8.060039148568565,9,8,0.9569891076851389,1
478,11.01624678657515,12,4,0.6737826783897644,1
479,5.861223714876437,7,17,0.16569543132349543,1
480,9.598780028930358,9,10,0.6302743345531487,1
481,13.39180470569361,12,4,1.2046919924502608,0
482,8.820735659317666,9,0,1.2069394724732982,0
483,13.899327484542512,15,0,2.0555177266193865,0
484,8.324139399809082,9,6,0.8367558845066558,0
485,7.258831853457107,11,2,1.6002469371012338,0
486,11.934181037141782,12,0,2.5359706600696694,0
487,5.680999699195013,6,4,1.3360599147920198,0
488,4.19401046079287,4,2,1.4359400763208598,0
489,4.666245367099554,6,10,0.5106253284024616,1
490,12.418651745227491,14,7,0.907707763794424,0
491,7.786770076196193,9,5,1.0255971007985398,0
492,16.865947580887646,17,10,0.29579753273273224,1
493,6.905488196076289,8,6,1.1536533107029059,0
494,11.699192386531758,10,2,1.6709540382930788,0
495,14.317034902818046,15,11,0.2617203153914135,1
496,14.109180808005123,17,8,0.8400807563770549,1
497,14.565744448097652,16,2,1.8791663347081158,0
498,12.097989853412303,14,4,1.33622309458236,0
499,8.406741036215973,12,2,1.5360193623697194,0
500,12.039365128136549,11,0,1.9248925319410908,0
501,11.883771050664006,12,9,0.8747915258502275,1
502,7.999848781479176,8,11,0.14289230224360822,1
503,6.638484392359645,7,0,2.10002680596991,0
504,7.541578917569076,10,7,0.48065719807148505,1
505,7.699659432533477,9,2,1.5975506395511372,0
506,9.290136929740816,9,2,1.2241771936558092,0
507,9.778535964260998,12,3,1.5984516397336042,1
508,8.921876820499024,13,2,1.638610557555485,0
509,9.84747279066289,11,6,0.7313870679938588,0
510,12.709890935166955,14,2,1.8000158722629438,0
511,5.682676099697652,6,7,1.183765419787437,1
512,10.074222372217445,10,4,1.2018944949202526,0
513,8.12512697467745,8,6,0.9745863975834875,0
514,3.990523766292706,4,0,1.513051715636675,0
515,10.634637665704052,10,3,1.3633572306969972,0
516,6.457236263024024,9,8,0.5446970278627259,1
517,13.485498177372868,14,6,1.1169130262256113,1
518,11.791846036004332,12,2,1.6591874265284254,0
519,4.952525256703713,7,6,0.4108774334554588,0
520,11.996555269581133,15,6,0.7546839290957406,1
521,11.06486944822928,13,0,2.2344973125991956,0
522,10.246150268981651,12,5,0.7471127089346086,1
523,10.104103356202918,10,2,1.3190702353128265,0
524,6.622553459570686,8,8,0.9131984676701468,1
525,7.252381778062556,9,2,1.688606994960206,0
526,12.14603951596653,14,0,2.522225092618146,0
527,15.142358800985054,15,0,2.188539107517809,0
528,13.815652049252343,15,7,0.9679768035708651,0
529,8.064898769571707,9,4,0.8821371976739552,1
530,5.387993401558739,6,1,1.41121474086691,0
531,11.670472401191828,11,8,0.8424459890101511,1
532,3.7009939280761106,5,1,2.3870708612127194,0
533,11.698609949128127,11,5,1.341680025986817,0
534,8.532595558705806,9,0,2.083252860396404,0
535,8.087496741629584,9,4,1.2481668606214131,0
536,7.601080597521138,5,6,1.1406389630921,0
537,9.773232612241685,12,3,1.347384604212078,0
538,6.935577088519593,8,3,1.3511935521841152,0
539,4.0410825130032,6,8,0.5013024282370464,1
540,2.9829543646434034,2,3,1.129701560827424,0
541,10.307026720382016,9,8,0.7144726556593368,1
542,16.723907337685567,16,2,1.2242764890283193,0
543,14.348738503775206,14,8,0.4170859567066336,1
544,7.122855438644842,8,9,0.4508722640550401,1
545,6.921710827012184,8,0,3.45769524364377,0
546,9.034596273007123,12,2,1.415646872939407,0
547,8.883048242218152,7,8,0.43347252031260225,0
548,10.682773693778163,11,5,0.9432766675643615,0
549,11.369651714156621,13,5,0.9088701155474029,1
550,14.473668266784362,14,3,1.4689075629353436,0
551,8.032682579888,10,5,0.9543843261258401,0
552,9.68794644106721,10,3,1.312314954889717,0
553,7.152845038850999,8,9,0.6372034224238278,1
554,7.206412567856361,7,8,0.7310572358692561,1
555,8.203711752976655,9,5,0.7885762870784985,0
556,8.378886530666533,11,4,0.9481043857430904,0
557,11.130691647204046,12,4,1.254465260311931,0
558,8.618636970250435,8,4,1.4638689353017156,0
559,12.844940312975218,14,6,0.95806302369506,1
560,10.130138145906905,10,2,1.5146873408197778,0
561,7.025364617191137,9,6,0.8045426267339543,0
562,8.248487048076178,9,12,0.6234883807674723,1
563,1.0905874538937073,2,6,0.6082399337184325,1
564,12.856377008125653,13,5,1.4713675553963894,0
565,11.997789874714396,13,10,0.5441072803722942,1
566,9.108088411603935,9,4,1.3677906439864904,0
567,11.42525251138944,11,0,3.0656179411262663,0
568,10.949942290145668,11,2,1.6167152754802434,0
569,5.847742121152374,6,0,2.5919000509035475,0
570,6.162145289786314,8,4,1.449920708897357,0
571,11.03665666719972,12,5,0.9642324523342224,0
572,4.880291517581001,6,12,0.1683017771748495,1
573,9.707123251954929,11,6,1.2777987463616571,0
574,5.070559019099699,6,4,1.0218232604820616,0
575,8.944089310261308,11,7,0.6922877794045184,1
576,6.851193693039214,10,0,3.2521401656018023,0
577,3.7982283420066802,5,5,0.7671685587168434,1
578,13.112055342308992,14,7,0.4785827563553734,1
579,5.742187545487012,8,0,2.145201928530121,0
580,7.3788186837659495,8,8,0.20584965126075583,1
581,12.400322109173159,11,8,0.7867181037489559,1
582,13.187667866302688,13,5,1.2797826155494814,0
583,8.412249810944635,7,9,0.6747841130691421,1
584,10.589353452319273,11,12,0.012620602069792874,1
585,11.521011787583737,11,6,1.2319143599317568,1
586,11.091242323438657,13,5,0.9039900462999144,0
587,9.34679167957362,11,3,1.5444283118117867,0
588,4.993031752635034,9,1,1.477464148770339,0
589,7.863374568850759,7,9,0.48422701707931165,1
590,11.048388775783865,10,2,1.5880865686374839,0
591,4.856187305583276,6,6,0.921692103434265,1
592,0.6152579523233179,1,4,1.0342087459843738,0
593,10.135365463570848,12,9,1.08098606392288,1
594,11.49918426177299,12,5,0.721888542023124,1
595,4.109919054363889,3,10,0.22719899778490238,1
596,4.348673631342751,7,4,1.5561054127540745,0
597,11.531326236770704,12,3,1.0436056128479012,0
598,15.307993873937026,17,2,1.509742749831242,0
599,9.336073270360028,10,4,0.8956769519499683,0
600,7.91079280200915,8,6,1.1762643758599651,0
601,8.054157073472616,9,7,0.4269957517855665,0
602,13.675695775913065,15,1,1.5974798267120376,0
603,8.023349798934435,9,10,0.8299162811476954,1
604,8.524379442145937,8,10,0.5920665522749919,1
605,7.862511952152996,8,7,0.8013185374369667,0
606,6.704700245284833,7,11,0.050920987684195285,1
607,7.674857934689262,10,2,1.3104563241846938,0
608,13.345704308144215,15,2,1.9008195271218027,0
609,11.19840299240701,11,0,2.276137155787046,0
610,8.32523588774871,9,10,0.5139736367407544,1
611,9.071437763506967,9,7,0.8573006024142021,1
612,5.7998141603931606,4,5,1.2206827224328165,0
613,13.20632728305058,13,6,0.6241360014268538,0
614,9.311790005239692,10,1,2.1948130727985626,0
615,7.666812995765128,9,14,0.4478781766851767,1
616,14.415740484732922,19,6,0.937089606216431,1
617,9.917938093032578,11,5,1.1646789168662104,0
618,5.128785005019782,6,7,1.168749159259848,1
619,8.748439433274452,9,8,0.49848699608949787,1
620,11.775313727630376,13,6,0.8490435742188946,1
621,8.815537928675848,10,1,1.009050037799049,0
622,4.304721283391336,7,7,0.8285209489979521,1
623,9.912038605019921,12,10,0.4633114714658944,1
624,7.931981248960669,8,10,0.5024912899984506,1
625,16.779089157359234,16,12,0.3199555832248421,1
626,12.762969539505253,14,2,0.8813433479641386,0
627,7.753373288288948,8,1,1.714880861926301,0
628,13.102973788343368,13,5,1.3560002741522008,0
629,9.146927276559701,11,4,0.8543184308981173,0
630,12.40017685194253,13,8,0.6666398328753222,1
631,9.231411872401411,11,0,2.0172195218946043,0
632,7.477789326189214,7,10,0.5568811812822827,1
633,7.541683657542079,8,4,1.0035321364679832,0
634,13.238142176777728,14,4,1.0854462924257335,0
635,7.340881683097694,9,2,1.506657169430611,0
636,7.288438831532942,7,0,2.2087063553437183,0
637,8.94165550547722,7,8,0.739085667341161,1
638,8.910505965486154,11,6,0.7015721805223536,1
639,13.392289190822972,15,0,1.8265267010293949,0
640,4.877928969001711,5,1,1.9025388610771232,0
641,10.14368745439498,10,3,0.963001429049479,1
642,12.208544457652637,14,11,0.7934198413049137,1
643,5.800363651828713,10,3,0.9678966207499144,0
644,12.67102739299683,12,0,1.9864420651640229,0
645,7.352607343500972,7,3,0.9350775579034636,0
646,8.948462963416002,12,3,1.5057924763890325,0
647,7.550917449864534,9,0,3.962006476240395,0
648,13.841818915432793,13,5,0.8402008808642903,0
649,13.69735570214944,13,5,1.343644084144932,0
650,17.686368027214737,18,7,0.7461657618493877,1
651,10.828665079248166,12,12,0.4481891278974507,1
652,10.219584902575013,11,9,0.5004416939040639,1
653,9.962889033848649,11,4,0.99401779634691,0
654,9.633887739922606,9,0,1.8064710000933715,0
655,9.06898911220587,11,14,0.16716878201295793,1
656,8.233040414138955,10,5,1.3341759671821114,1
657,10.41232950420322,10,5,0.7392013299345952,0
658,11.906766253386127,13,3,1.319366944015432,1
659,8.09416082654457,7,6,0.8834405533536722,0
660,11.154185351623346,13,6,1.1346661676184278,0
661,13.73426596759341,15,3,1.4988306107190197,0
662,8.093104418187258,10,3,1.1884147885653953,0
663,2.768835217708281,3,5,1.1893611441630019,0
664,5.585743675601441,8,3,0.7707007655533206,0
665,12.294839894854045,14,3,1.2842134921590946,0
666,7.4764953620862595,10,4,0.7633634632832587,0
667,7.27270787982951,7,5,0.8852707255079287,0
668,9.139907207711584,9,11,0.4284334487971009,1
669,8.963684723418787,12,0,3.8411600904796566,0
670,12.640662894600688,12,9,0.7199370797192003,1
671,12.196898151703826,10,10,0.5844855287646923,1
672,7.415207664083609,8,0,2.6867435216176103,0
673,7.510662887730428,9,3,1.26070201872196,0
674,9.829196709203655,7,4,1.2289427296902546,0
675,12.217237802036987,15,0,2.2085415100340695,0
676,8.304127760242919,9,2,1.6307566589699327,0
677,13.09554672715831,14,1,1.7485378841770616,0
678,15.414177144542899,15,11,0.23693845614002124,1
679,12.391686770152146,13,9,0.49576420430064216,1
680,7.68163932505386,9,9,0.4195657265301235,1
681,8.978578755534453,11,7,0.634040023290801,1
682,8.789813815704639,10,1,1.8122238864420945,0
683,6.151687166865828,8,3,1.4428995143476482,0
684,10.17739038374162,11,8,0.7727256047971075,1
685,4.842964584167417,6,1,1.8456154414642894,0
686,11.0871546480523,14,7,0.7287842820056312,1
687,8.866174946049885,8,6,1.0244992465760996,0
688,8.602792971885155,10,4,1.0210437290566698,0
689,7.678235834029626,10,9,0.3497493923980328,1
690,8.078089038614952,9,6,0.6617800545528195,1
691,11.122045879161192,12,4,1.2924249487417618,0
692,6.184239929305161,9,10,0.4195037313975587,1
693,12.357977200550916,13,2,1.6693580360004823,0
694,4.263410917571683,6,8,0.8282252375939658,1
695,11.253234571028946,10,8,0.8475158891233777,1
696,15.348752614492083,16,4,0.9514866188226457,0
697,5.9601200118688205,7,6,1.0489465543220742,1
698,7.3857986756191805,9,1,2.0947564822374933,0
699,10.914038750923652,12,9,0.40404385720371494,1
700,9.935348889899949,10,4,0.9320920950343491,1
701,10.089407045697762,11,4,1.5369152095258698,0
702,9.859409431435774,11,10,0.5624777815995907,1
703,11.110044348981475,12,2,0.9781973034805915,0
704,12.155369282515656,14,0,1.7423539326550657,0
705,10.628152887788355,12,0,2.1279247548535127,0
706,5.7770490733139965,9,7,0.5059868912952564,1
707,13.128471477022842,13,0,1.8142032982811378,0
708,14.158557336386115,15,12,0.42234320292049,1
709,8.271852987159885,10,0,3.1243986088987152,0
710,8.718481977626286,7,11,0.37008212055122647,1
711,12.064419776470865,13,5,1.1143749736507802,0
712,7.956627713629765,10,4,1.335296842455594,1
713,4.70808490576455,4,3,1.600052264498162,0
714,12.437657859811116,13,5,0.8760353930168274,0
715,7.833495982581064,8,6,0.6263376837563839,0
716,8.689093274418092,10,9,0.6681630591960721,0
717,11.580594868533643,12,8,1.1541665352600385,1
718,9.805890051734687,11,7,0.9113900971856352,1
719,11.707129741975011,12,4,1.5482983925768776,0
720,5.994066655187234,9,5,1.2008487493594218,0
721,10.519351844424975,12,7,0.9710116696442936,1
722,10.346586117369835,9,0,2.5688485082401087,0
723,10.11951905351964,12,0,2.028925808936368,0
724,10.315394043008176,12,6,0.1910458392702753,1
725,5.90244639386003,7,5,0.8182871223128083,1
726,9.582232636933629,12,5,1.335789292850077,0
727,4.7100630685260985,8,5,0.8293071114831463,1
728,10.763296321771666,12,7,0.7957781608341584,1
729,11.20303130889799,12,2,1.1008397922833684,0
730,14.656993917753619,16,0,1.8325138993597592,0
731,8.106145725662538,9,6,1.2430175475994434,1
732,8.331649045020466,9,1,1.4542149103011235,0
733,9.507409765860919,9,5,0.8448189213897307,1
734,8.05146457688494,9,0,2.2065723561209087,0
735,11.271100907495278,13,9,0.7207418292803891,1
736,5.182649418134297,6,7,0.8914813845888461,0
737,6.2152161117081315,6,6,1.0421814126462645,0
738,8.1344322542519,7,8,0.6781863541153785,1
739,10.286227512996987,12,11,1.0219385958340363,1
740,13.918720544434661,15,7,0.39660358275301727,1
741,9.606028930323152,10,0,2.1682668089486565,0
742,8.008906391925414,10,1,1.817461744336742,0
743,9.224500600655503,10,3,1.0531163062406341,0
744,11.121191371189486,14,5,0.6885467449326548,0
745,5.237139635512722,8,6,0.5716916913481036,0
746,10.560095689470709,11,2,1.2530139382500693,0
747,11.499350310403061,13,4,0.7199206114581804,0
748,10.362736489145464,11,2,1.5625565395899874,0
749,9.178526027589982,10,4,1.2564171262937809,0
750,10.788319941603444,13,0,1.9845678746412914,0
751,1.7856948376427964,2,1,1.7654834615012556,0
752,9.560278433982175,12,1,1.8124234784153959,0
753,9.029166829601682,8,3,1.5760424345768695,0
754,2.052835586168044,4,8,0.6636311795321412,1
755,9.885057674837704,11,1,1.2192174123371147,0
756,11.629274094343304,14,13,-0.20882634982579334,1
757,8.964505408032956,9,7,0.8506306124146782,1
758,11.562282354462198,13,7,1.0101267689903999,0
759,13.177599936454548,15,2,1.9488398112171015,0
760,13.903841854061866,14,7,0.736197889185737,1
761,12.915316710013064,14,3,1.4974637434919085,0
762,12.579973335123162,13,5,0.9017240941469202,0
763,8.942408876179043,11,13,0.33747099262256935,1
764,2.914219667286992,5,5,1.3826534466616143,0
765,8.40864955444816,9,9,0.13811079374723745,1
766,6.977384373406323,8,3,1.5040463717053842,0
767,15.471721606944733,16,4,1.4447655118370561,0
768,8.184109856804941,9,12,0.4689558333489241,1
769,10.366090407081558,11,3,1.698297519736602,0
770,9.09194096407051,12,11,0.2782044861151496,1
771,11.46612432753711,10,8,0.6955525290687435,1
772,13.602909617961563,15,3,1.3314676919949278,0
773,8.19710436440704,8,7,0.2853926164398955,1
774,9.116689995736449,11,8,0.3812757494376927,1
775,6.80961188266081,7,6,0.5134084849605264,1
776,3.956586283770306,6,0,2.3570665089033214,0
777,7.9024814059116055,8,1,1.612884135182358,0
778,8.772831098737,10,3,1.1965507362278056,0
779,7.395028604722682,8,3,1.20273850775486,0
780,6.357568836156117,6,7,0.7003706411375153,1
781,4.040951626535664,6,6,1.1553686866926778,1
782,8.378609923264644,10,0,1.9514511858369386,0
783,5.148789137304119,5,5,0.8384501401267261,0
784,13.557865769456097,12,6,0.6837889960791385,0
785,10.874301198406222,12,7,0.8927530291550138,1
786,5.309363341508719,5,8,0.49828105021985236,1
787,8.151634236169825,9,8,0.8543328467733394,1
788,8.77069471370756,7,6,0.5684295684391016,0
789,7.103333999641695,10,5,0.815922268435159,0
790,12.99354525360323,14,0,2.4319062194564407,0
791,1.729347159725527,4,7,0.788986573001823,1
792,6.192114115355942,10,5,0.8105877572939194,0
793,8.63695446374138,9,6,1.0510380027636148,0
794,11.207397355376951,12,0,1.7719479693789482,0
795,9.778195674709359,11,1,1.6768733661048405,0
796,6.312567091952297,7,8,0.8704691453872209,1
797,11.99795932088551,9,5,1.3278029181069537,0
798,6.130189834362279,7,8,1.0257160892115125,0
799,11.65214923350009,12,4,0.9295154264094869,0
800,8.420762216463345,10,4,1.2313726428702467,0
801,15.074279090048725,16,7,0.43574824547781454,1
802,8.91411958993326,10,2,1.1129871907375295,1
803,5.947377820724324,7,4,0.4829850599989506,0
804,6.78267823864039,5,4,1.5946063042733931,0
805,5.0926219558212065,4,3,1.0698564131772492,0
806,3.844095976879077,4,4,1.1418682068666952,0
807,6.43494567686724,10,6,0.7128140238359203,0
808,10.606788932096917,12,2,1.4094870419507417,0
809,8.763633077286102,6,10,0.4585963951025815,1
810,10.763206000032351,12,3,1.303125786510071,0
811,9.603861086464391,9,4,1.186272650403795,0
812,10.010330882343123,9,4,0.9591631758776499,0
813,14.06275669902717,15,9,0.3175758195278411,1
814,10.029814041758218,12,6,0.4850196219481634,0
815,5.357625201860535,9,8,0.31215816949742614,1
816,7.260995850330746,7,0,2.1374765478122226,0
817,2.7022927966117427,4,6,0.4820982696252145,1
818,6.651380542265231,7,8,0.3447134395913015,1
819,7.700215592492764,10,5,0.9592190658074733,0
820,6.121714951435758,7,8,0.47827291025090785,0
821,9.240462865881264,10,3,1.6935802599562493,0
822,9.522312297253158,10,10,0.8610491274646856,1
823,6.942213375177104,9,13,0.14322677218121344,1
824,8.796293138513622,8,4,1.31034528010668,0
825,8.483726258321635,10,3,1.399366244278488,0
826,8.110636647456108,11,11,0.36400989772208203,1
827,6.309171896043844,7,10,0.15483358808514586,1
828,13.841250370831753,15,4,1.2963263511397103,0
829,9.392707319806112,10,4,1.199224166452298,0
830,10.834558884422096,10,4,1.0641477519342009,0
831,11.676261395916969,13,0,2.0470542136984786,0
832,9.056456450757475,10,1,1.432860715092115,0
833,10.636178742520288,13,2,1.4217387823461904,0
834,11.104664203465477,11,1,1.4898134413374506,0
835,6.661170876893724,7,4,1.0946877154858539,0
836,9.615966727247006,11,6,0.6541606980680812,0
837,3.2343903678414443,6,11,0.6462066281554621,1
838,10.933294634066106,10,2,1.2932687373051732,0
839,8.646784042652733,11,8,0.4956811244368958,1
840,7.570466388756355,9,4,1.0613263394353338,0
841,8.710013413291206,9,4,0.8977954815505913,0
842,2.2441304856599764,4,7,0.6006042837630513,0
843,6.487788266096229,9,2,2.1272717030701394,0
844,6.651262900759203,10,5,0.6557865353420976,0
845,10.985196343486765,11,7,1.408387420064487,0
846,5.785776506328414,7,7,0.869171174095303,0
847,15.472724110967997,13,7,0.88379296609296,0
848,5.246773921242952,7,13,0.38822832314585176,1
849,10.854258771885295,13,3,1.8815580278770587,0
850,10.361528435657519,12,2,1.1053622679725497,0
851,6.731761586166187,7,2,1.141484148441388,0
852,15.075755993457626,17,3,1.1691677745532818,0
853,7.174798656803015,7,4,1.3817584386760753,0
854,10.785693932013615,13,8,0.20667962991380873,1
855,11.222089937843704,14,10,0.49598810565027945,1
856,6.122142312709072,9,3,1.6689677439377582,0
857,11.131710998475365,15,1,1.5464368750760737,0
858,8.578317176629932,10,7,0.7314744069976443,1
859,9.758823625128136,11,2,1.1943627517006739,0
860,9.36227556702018,11,7,0.9084221949242666,1
861,9.772086956624594,9,5,0.7383493999698759,0
862,12.513636251529762,12,0,2.5030101135415466,0
863,10.638236415066599,12,10,0.8479507707096708,1
864,1.5272946641696445,4,11,0.45875869022428234,1
865,12.199953870333937,14,3,1.3562149083966857,0
866,2.9602143272995263,4,3,1.4200470906345783,0
867,11.171438045266331,13,6,1.0857721078726086,0
868,11.122737315322107,13,7,0.6848080194395771,0
869,5.655844525130232,7,7,0.6141361757509416,1
870,7.8161500609226895,9,13,0.10153771462251043,1
871,6.597350681421332,8,3,1.174318412772444,0
872,9.449987010350712,10,2,1.6238807085235745,0
873,7.792442459085834,8,0,1.723051888315264,0
874,9.947225895381013,12,1,1.3501442507433152,0
875,14.40527839120844,14,4,0.7472506379715473,0
876,11.703925237791264,14,12,0.22791750801094884,1
877,5.418639263421596,8,4,1.4055854342867815,0
878,9.656933685638062,10,6,0.747442639499689,0
879,3.6191102387027927,5,4,0.9480800632391805,0
880,7.745549764908866,8,9,0.2265435034230367,1
881,9.075597678679365,13,14,0.3200705652207572,1
882,16.390947129779683,16,3,1.2951426275681146,0
883,6.326752089648483,6,2,1.1314714232830885,0
884,5.559428141004398,8,8,0.5554821106935551,1
885,7.425467451384458,10,7,0.7471564639875851,0
886,12.126719084917035,11,12,0.23421115137189655,1
887,5.555144115802451,7,5,0.45154284212392076,1
888,10.038978181520852,12,4,1.5579085640457109,0
889,5.560737487020862,9,7,0.6176333153592608,1
890,8.779066153278135,10,10,0.5550924804038796,1
891,9.846736462197098,11,8,0.8656582165899395,1
892,9.138591716123383,9,7,1.4817844547277486,0
893,5.68110588617863,8,8,0.3377465762284054,1
894,7.375655849311269,10,8,0.6472675544614401,1
895,8.821155161731774,9,10,0.35952445502917607,1
896,9.488076085472478,9,8,0.6152355138328507,1
897,5.474617178658541,8,6,0.9431069946695398,0
898,14.177816903559691,14,6,0.7041381738945669,1
899,11.085050209784187,12,10,0.5387701687208037,1
900,9.590166406889576,9,2,1.2096103227208574,0
901,10.955735566178861,12,6,1.0210172893887808,1
902,4.33326649901446,8,4,1.2283421157761927,0
903,11.777639141220755,13,6,1.0702173731822775,0
904,11.392172582405525,11,9,0.43446302022600286,1
905,8.127504777099544,10,7,0.835432553555201,0
906,10.574442037311059,12,5,1.034561977017505,1
907,4.388639795738826,5,1,1.7409256307972791,0
908,2.0405833441578225,6,6,0.6169798404422453,0
909,8.445617090524973,7,8,0.5522378953564038,1
910,8.118349184123392,10,12,0.16092956822345886,1
911,14.40688251896736,15,3,0.7443939023708451,0
912,15.53595863662215,17,6,1.1640801167878647,1
913,12.549142867631232,12,7,0.7454611424678708,0
914,11.527267346913698,12,10,0.6870982822758955,1
915,3.3980908741748306,4,3,1.2625596313066656,0
916,6.287781888976864,8,6,0.6125837204690479,1
917,8.317420841658567,8,7,0.520216801018984,1
918,5.11187043525446,8,6,1.4230166198926424,1
919,9.975068504331071,10,4,1.600276761690851,0
920,6.961146298134154,9,6,0.9012114675887093,1
921,6.102740394347968,5,10,0.6360813742563596,1
922,11.233559451195235,12,2,1.5445556955998192,0
923,7.212948521420131,7,5,1.0221476461920405,0
924,10.218386576589664,11,1,1.2757168933177312,0
925,12.617147485830804,16,9,0.14370180166416213,1
926,5.407125003925595,7,0,1.8773750206335778,0
927,2.646867205133659,2,4,1.3266352861173678,0
928,8.479986980831814,9,7,0.6018993234677572,1
929,13.377187886366807,13,10,0.44368614113662613,1
930,15.203929475644607,16,5,0.8184892805108138,1
931,5.279957731156808,7,4,1.1634870114820868,0
932,8.244723034735241,10,13,0.5610349702351274,1
933,8.403500868627885,9,1,2.112177846433597,0
934,6.423147120799875,10,0,3.0004401226955038,0
935,18.568130262747584,18,7,0.9783057943778394,1
936,6.050096083653069,6,4,1.3814666510266793,0
937,11.592441516458647,11,2,1.9556306693891732,0
938,9.143275271028998,12,6,0.6097780353204671,1
939,14.373478192426308,14,6,0.799309576131624,0
940,11.877798693233299,10,2,1.065608991211909,0
941,8.53494597354722,11,1,1.8109734009267466,0
942,9.20568215388452,9,9,0.8394238634133278,1
943,10.121331933624752,11,7,0.9824521534606527,1
944,6.426679382102108,9,3,1.2428990239399769,0
945,12.551460766222245,13,11,0.03836037503039508,1
946,9.28032384580482,9,2,1.9241496533772482,0
947,9.398648136797386,11,0,1.7764878336947627,0
948,9.679099824306268,9,3,1.592961115000072,0
949,9.959883911852964,13,5,0.9494978483470665,0
950,7.406292624260428,10,5,1.0259474222486682,0
951,4.763916874706504,5,5,0.8617042230447314,0
952,12.910462333566727,14,6,1.0728282819434398,1
953,6.500111813891074,8,2,1.5766895732909767,0
954,9.251513323166265,9,11,0.3521459207822858,1
955,7.997073177059139,8,4,0.8423119357314819,0
956,12.98976688512082,13,8,0.22112493839592862,1
957,2.612236277577279,3,6,0.861421473623866,1
958,19.12309632157401,20,6,1.1570423118341608,1
959,11.425219636364007,13,8,1.2854828081658987,1
960,12.584582428103916,11,7,0.8188627764679421,0
961,8.224945075853618,10,7,0.9484973999600311,1
962,11.726356915349976,10,11,0.5609104171273097,1
963,11.08186553650729,12,6,1.0061893145183902,0
964,9.38938693251751,12,8,0.6330930693477744,0
965,11.761695220586322,11,4,1.084905018557401,1
966,9.351081666073952,10,10,0.5942194702749732,1
967,9.301348918056286,9,3,1.2867236159090902,0
968,10.668627102251113,10,10,0.3908796689576683,1
969,8.685546664974032,9,6,1.0085958901384002,0
970,12.169310986224623,14,1,2.210259725972198,0
971,13.1308560532031,13,5,0.7247495956293201,0
972,0.9209066089455147,1,2,1.3953781049249252,0
973,10.943029382330105,11,8,1.0392365267286579,0
974,6.615523311450247,10,3,1.6186597020811437,0
975,8.816378060411823,9,4,1.5197710180734603,0
976,6.593697009825965,8,0,2.5771090076697045,0
977,14.863971564614237,14,4,1.3179671898974745,0
978,12.707704817466915,13,0,3.560442829523739,0
979,7.647829295019156,8,0,2.5197514638281113,0
980,9.783571992020267,10,7,0.2933990576650411,1
981,4.321870976547938,6,9,0.4120079388738898,1
982,7.467908028633665,6,8,1.0702641746098798,1
983,9.749644502100285,8,4,1.566343356748562,0
984,12.43149621265786,13,4,0.8897983431513276,0
985,13.868484282288367,13,5,0.7509706954066477,0
986,10.35702216159296,12,0,1.6735753233416388,0
987,10.083463720530023,12,11,0.1910907555127211,1
988,11.089109698474708,12,8,1.063105226456015,1
989,7.881929246041478,8,6,1.1123291328505476,0
990,10.567215982508257,12,4,0.9750569246665474,1
991,10.76532182844218,11,4,1.018668150858935,1
992,12.327667378488098,13,0,2.96807040546882,0
993,11.682031869650736,14,3,1.3207279900300777,0
994,11.662551620942066,12,3,1.6210665532476294,0
995,11.156233891025826,11,0,1.523888173943888,0
996,12.16576318110847,13,4,1.091333431008244,0
997,10.583177723914032,10,10,0.5608465569329005,1
998,6.819115447803659,9,7,0.620365267771403,0
999,9.761540506558223,10,4,1.3295248207327521,0
1000,5.03566315232387,7,7,0.830796489799976,1
